1,"3M"
2,"Abbott Medical Optics, Inc."
3,"Abbott Nutrition"
4,"ACH Food Companies"
5,"Acme Smoked Fish Corp."
6,"Adria Imports Inc"
7,"Advanced Beauty Systems, Inc."
8,"Ahold USA, Inc."
9,"Aidells Sausage Co."
10,"Alberto-Culver USA, Inc."
11,"Alcon"
12,"B&G Foods"
13,"Bausch & Lomb Pharmaceuticals, Inc."
14,"Bausch + Lomb"
15,"Bayer HealthCare Consumer Care"
16,"Bendon Publishing International"
17,"BIC USA Inc."
18,"Bimbo Bakeries USA, Inc."
19,"C.H. Guenther & Son, Inc."
20,"Campbell Soup Company"
21,"CCA Industries Inc."
22,"Chattem, Inc."
23,"Church & Dwight Co., Inc."
24,"Colgate-Palmolive Company"
25,"ConAgra Foods Inc."
26,"Cumberland Packing Corp."
27,"Daniele, Inc."
28,"DCI Cheese Company, Inc."
29,"Dean Foods Company"
30,"Del Monte Pet Products"
31,"Diamond Foods, Inc."
32,"Dr. Pepper Snapple Group"
33,"Dr. Pepper/Seven Up, Inc."
34,"Ducere Pharma"
35,"E&J Gallo Winery"
36,"Eastland Food Corporation, Inc."
37,"Edward & Sons Trading"
38,"Elmer's Products, Inc."
39,"Energizer Personal Care"
40,"F.M. Brown's Sons Inc."
41,"Farley's & Sathers Candy Company, Inc."
42,"Ferrero U.S.A., Incorporated"
43,"Freeman Cosmetics"
44,"Frito-Lay, Inc."
45,"Funko, LLC"
46,"Garnier Inc."
47,"General Mills, Inc."
48,"Glaxosmithkline Consumer Healthcare, Lp."
49,"Green Mountain Coffee, Inc."
50,"H.J. Heinz Company"
51,"Hanesbrands Inc"
52,"Hasbro"
53,"Hormel Foods Corporation"
54,"i-Health, Inc."
55,"Imperial Toy Corporation"
56,"JFC International Inc."
57,"Johnson & Johnson"
58,"Kashi International Corporation"
59,"Kellogg Company"
60,"Kimberly-Clark Global Sales, LLC."
61,"Kraft Foods, Inc."